{"cameraMode":{"drawMode":0,"name":"Shaded","section":"Shading Mode"},"sceneLighting":true,"audioPlay":false,"sceneViewState":{"m_AlwaysRefresh":false,"showFog":true,"showSkybox":true,"showFlares":true,"showImageEffects":true,"showParticleSystems":true,"showVisualEffectGraphs":true,"m_FxEnabled":true},"in2DMode":false,"pivot":{"x":0.4657294750213623,"y":0.4842260479927063,"z":-1.1660737991333008},"rotation":{"x":0.011679144576191903,"y":0.9540627598762512,"z":-0.2970190942287445,"w":0.03751488775014877},"size":1.9144008159637452,"orthographic":false}