{"cameraMode":{"drawMode":0,"name":"Shaded","section":"Shading Mode"},"sceneLighting":true,"audioPlay":false,"sceneViewState":{"m_AlwaysRefresh":false,"showFog":true,"showSkybox":true,"showFlares":true,"showImageEffects":true,"showParticleSystems":true,"showVisualEffectGraphs":true,"m_FxEnabled":true},"in2DMode":false,"pivot":{"x":-0.5793039798736572,"y":0.23947137594223023,"z":3.930593967437744},"rotation":{"x":-0.43560296297073367,"y":0.04130430892109871,"z":-0.020033417269587518,"w":-0.8989879488945007},"size":2.2617077827453615,"orthographic":false}