{"cameraMode":{"drawMode":0,"name":"Shaded","section":"Shading Mode"},"sceneLighting":true,"audioPlay":false,"sceneViewState":{"m_AlwaysRefresh":false,"showFog":true,"showSkybox":true,"showFlares":true,"showImageEffects":true,"showParticleSystems":true,"showVisualEffectGraphs":true,"m_FxEnabled":true},"in2DMode":false,"pivot":{"x":-0.09650546312332154,"y":0.5988888740539551,"z":0.662691056728363},"rotation":{"x":-0.25259923934936526,"y":0.07769320905208588,"z":-0.020485594868659974,"w":-0.9642816781997681},"size":1.2670633792877198,"orthographic":false}