{"cameraMode":{"drawMode":0,"name":"Shaded","section":"Shading Mode"},"sceneLighting":true,"audioPlay":false,"sceneViewState":{"m_AlwaysRefresh":false,"showFog":true,"showSkybox":true,"showFlares":true,"showImageEffects":true,"showParticleSystems":true,"showVisualEffectGraphs":true,"m_FxEnabled":true},"in2DMode":false,"pivot":{"x":-0.5857632160186768,"y":1.0875380039215088,"z":2.5174660682678224},"rotation":{"x":0.5638628005981445,"y":0.29576411843299868,"z":-0.22599977254867555,"w":0.7373350858688355},"size":0.13199293613433839,"orthographic":true}