{"cameraMode":{"drawMode":0,"name":"Shaded","section":"Shading Mode"},"sceneLighting":true,"audioPlay":false,"sceneViewState":{"m_AlwaysRefresh":false,"showFog":true,"showSkybox":true,"showFlares":true,"showImageEffects":true,"showParticleSystems":true,"showVisualEffectGraphs":true,"m_FxEnabled":true},"in2DMode":false,"pivot":{"x":-0.5753433108329773,"y":1.527443289756775,"z":3.1596810817718508},"rotation":{"x":0.4379713535308838,"y":-0.4227876663208008,"z":0.24602212011814118,"w":0.7544292211532593},"size":1.3584944009780884,"orthographic":true}