{"cameraMode":{"drawMode":0,"name":"Shaded","section":"Shading Mode"},"sceneLighting":true,"audioPlay":false,"sceneViewState":{"m_AlwaysRefresh":false,"showFog":true,"showSkybox":true,"showFlares":true,"showImageEffects":true,"showParticleSystems":true,"showVisualEffectGraphs":true,"m_FxEnabled":true},"in2DMode":false,"pivot":{"x":-0.49227872490882876,"y":1.2022074460983277,"z":2.8769869804382326},"rotation":{"x":-0.3124566972255707,"y":0.16622790694236756,"z":-0.05694535747170448,"w":-0.9337639212608337},"size":1.5257477760314942,"orthographic":true}